{"cam1": {"name": "cam1", "id": 2, "dist": [-0.3680868014085099, -0.025672616144224003, -0.0018180633503624148, 0.0005050236385599967, 0.5216383798587205], "mean": [[1021.7915862632098, 0.0, 636.2827463149429], [0.0, 1026.5304072463482, 292.0323067925628], [0.0, 0.0, 1.0]], "world": [[-0.999818444824631, -0.01873145511597582, -0.003494277850197506, -386.6343537989822], [0.01809819474071936, -0.9908993117161891, 0.13338294264076705, -536.5845587892325], [-0.005960934120018142, 0.13329548615621362, 0.9910584143403431, 2793.6062955845873], [0.0, 0.0, 0.0, 1.0]]}, "cam2": {"name": "cam2", "id": 0, "dist": [-0.4037917480389554, -0.03363892426181568, 0.018113444169833404, 0.000119466002230015, 0.5778005108795116], "mean": [[1426.2441428565035, 0.0, 924.4804984496616], [0.0, 1389.9622980833265, 387.4016997445131], [0.0, 0.0, 1.0]], "world": [[0.9965751981334037, -0.04141271009850589, -0.07157417067396218, 271.18332577961814], [0.042124980306268045, 0.9990764444079041, 0.00847019854880154, -413.4602568280606], [0.07115729407140832, -0.011456250327079285, 0.9973993151335518, 2843.1760051942715], [0.0, 0.0, 0.0, 1.0]]}}